recommended_retention_action,customers,avg_predicted_churn_probability,actual_future_churn_rate,profit_adjusted_clv_proxy,future_churned_clv_proxy,gross_value_at_risk_proxy,expected_saved_clv_proxy,intervention_cost_proxy,net_save_value_proxy,avg_expected_roi_proxy,paid_offer_customers,roi_proxy
Immediate premium save offer,37303,0.8080195025487074,0.812588799828432,127863032.09333333,116026254.35916667,115709785.33361848,16199369.94670659,671454.0,15527915.94670659,23.125807496428035,36407,23.125807496428035
Targeted lifecycle nurture,69077,0.1138276051426603,0.11686958032340722,72183244.44500001,6706508.9975000005,6493477.693010045,324673.8846505023,207231.0,117442.88465050228,0.5667244989914746,20961,0.5667244989914746
Low-cost automated retention,7705,0.5020507639806443,0.50914990266061,4907685.141666668,1796312.2341666669,1770429.2858652866,44260.73214663217,5778.75,38481.98214663217,6.659222521588954,4965,6.659222521588954
Monitor only,722108,0.015470902996542676,0.014986677893057548,652211130.8375001,9043855.134166667,9441086.868477715,0.0,0.0,0.0,,0,
Suppress paid offer,38881,0.7860074261651686,0.789100074586559,0.0,0.0,0.0,0.0,0.0,0.0,,0,
Protect without discount,22452,0.0024388240507749385,0.0002672367717797969,26035681.880000003,6847.295000000001,63466.60078801756,634.6660078801756,5613.0,-4978.333992119824,-0.886929269930487,0,-0.886929269930487
Premium win-back review,5206,0.02633241863762368,0.02343449865539762,7943688.111666666,156651.9825,200927.33383267408,24111.280059920886,62472.0,-38360.719940079114,-0.6140466119234075,238,-0.6140466119234075
High-value targeted retention,68228,0.05164397650698501,0.04970100252095914,83216583.71000001,3961719.6775,4214913.464716428,337193.07717731426,511710.0,-174516.92282268574,-0.3410465357774633,8866,-0.3410465357774633
