retention_budget_tier,customers,avg_predicted_churn_probability,actual_future_churn_rate,profit_adjusted_clv_proxy,future_churned_clv_proxy,expected_saved_clv_proxy,intervention_cost_proxy,net_save_value_proxy,paid_offer_customers,roi_proxy
Premium save budget,194192,0.1773496772358654,0.17676320342753563,328391431.355,120826176.66166668,16560848.223455472,1247172.0,15313676.223455472,45511,12.278720355697107
Moderate save budget,194192,0.045022726200819374,0.045135741946115186,217069096.3025,7511347.025,325134.6311467353,211308.0,113826.63114673528,20961,0.538676392501634
Automation only,252407,0.01620804588603376,0.01623172099030534,169656674.1891667,1931746.461666667,44260.73214663217,5778.75,38481.98214663217,4965,6.659222521588954
Low-cost save budget,291288,0.03256511498418579,0.03247988245310483,259243844.37250003,7428879.531666667,0.0,0.0,0.0,0,
No paid budget,38881,0.7860074261651686,0.789100074586559,0.0,0.0,0.0,0.0,0.0,0,
