clv_value_tier,customers,future_churn_rate,avg_monthly_value_baseline,avg_monthly_margin_baseline,total_profit_adjusted_clv_proxy,avg_profit_adjusted_clv_proxy,future_churned_clv_proxy,avg_expected_active_months_proxy,avg_engagement_score,auto_renew_rate,cancellation_signal_rate
Elite value,194192,0.17676320342753563,263.9395375024031,171.56069937655747,328391431.35502154,1691.0657048437708,120826176.66166697,10.566238825492297,12.96857388357327,0.7366523852681882,0.10989124165774079
Core value,291288,0.03247988245310483,123.81653666932152,80.48074883509967,259243844.37252882,889.9915011003845,7428879.5316666365,10.939019973359699,10.513168179577976,0.9601459723709868,0.012197550190876384
High value,194192,0.045135741946115186,149.0,96.85000000005009,217069096.30252257,1117.8065847332668,7511347.024999987,11.54162710101343,12.126512283331387,0.9102228722089478,0.017632034275356347
Low value,252407,0.01623172099030534,98.9849119345607,64.34019275745979,169656674.18911296,672.1551866196776,1931746.4616666615,10.446597360612028,8.27500089256145,0.9997385175529997,0.009797668051995388
No observed value,38881,0.789100074586559,0.0,0.0,0.0,0.0,0.0,6.993460816337028,9.802417344748346,0.0208585170134513,0.0014660116766544071
