clv_value_tier,customers,future_churn_rate,avg_monthly_value_baseline,avg_monthly_margin_baseline,total_profit_adjusted_clv_proxy,avg_profit_adjusted_clv_proxy,future_churned_clv_proxy,avg_expected_active_months_proxy,avg_engagement_score,auto_renew_rate,cancellation_signal_rate
Elite value,194192,0.17655207217599078,263.93953750240314,171.560699376559,327509625.0941701,1686.5248058322181,120391726.80166686,10.531938751338881,12.97551951181875,0.7366626843536294,0.1097367553761226
Core value,291288,0.03266869901952706,123.81653666932155,80.48074883510716,259778083.21836242,891.8255582734696,7475870.10083332,10.962577929746505,10.498773260451499,0.9603725522506935,0.01252368789651479
High value,194192,0.04462078767405454,149.0,96.85000000004425,218514195.15252358,1125.2481829968463,7549171.792500002,11.618463427947598,12.126694288478554,0.9098727033039467,0.017292164455796327
Low value,252407,0.016572440542457222,98.98491193456073,64.34019275748537,168947848.92913386,669.3469235367239,1978033.0591666605,10.402953365001762,8.28612949762679,0.9997385175529997,0.009801629907252968
No observed value,38881,0.789100074586559,0.0,0.0,0.0,0.0,0.0,6.887848820760783,9.802417344748337,0.0208585170134513,0.0014660116766544071
