value_based_action_group,retention_budget_tier,customers,future_churn_rate,avg_monthly_value_baseline,avg_profit_adjusted_clv_proxy,total_profit_adjusted_clv_proxy,future_churned_clv_proxy,avg_engagement_score,auto_renew_rate,cancellation_signal_rate
Protect high-value customer,Premium save budget,159820,0.14586409710924791,264.45949401409916,1785.636792881589,285380472.23833555,106109424.30833364,14.322498812619509,0.6808159179076461,0.0
Premium win-back,Premium save budget,21310,0.4529798216799625,315.5845768809635,1376.0473585171358,29323569.210000165,12079294.911666714,10.826857100246682,1.0,1.0
Targeted retention nurture,Moderate save budget,194192,0.04462078767405454,149.0,1125.2481829968444,218514195.15252322,7549171.792500002,12.126694288478554,0.9098727033039467,0.017292164455796327
Standard lifecycle nurture,Low-cost save budget,291288,0.03266869901952706,123.81653666932152,891.8255582734696,259778083.21836242,7475870.10083332,10.498773260451499,0.9603725522506935,0.01252368789651479
High-value reactivation,Premium save budget,13062,0.10105649977032613,173.32131373449715,980.3692884577365,12805583.645834954,2203007.581666655,0.0,0.9903536977491961,0.0
Low-cost automated retention,Automation only,252407,0.016572440542457222,98.98491193456073,669.3469235367239,168947848.92913386,1978033.0591666603,8.286129497626792,0.9997385175529997,0.009801629907252968
Suppress paid offer,No paid budget,38881,0.789100074586559,0.0,0.0,0.0,0.0,9.802417344748337,0.0208585170134513,0.0014660116766544071
