value_based_action_group,retention_budget_tier,customers,future_churn_rate,avg_monthly_value_baseline,avg_profit_adjusted_clv_proxy,total_profit_adjusted_clv_proxy,future_churned_clv_proxy,avg_engagement_score,auto_renew_rate,cancellation_signal_rate
Protect high-value customer,Premium save budget,159813,0.14580165568508194,264.464551277639,1785.1547396854355,285290934.4133485,106082654.96833341,14.312484629766926,0.6808019372641775,0.0
Premium win-back,Premium save budget,21340,0.4542174320524836,315.35039050296785,1391.4921303108486,29694442.06083351,12394333.834999995,10.828125279377575,1.0,1.0
Targeted retention nurture,Moderate save budget,194192,0.045135741946115186,149.0,1117.8065847332293,217069096.30251527,7511347.024999987,12.126512283331387,0.9102228722089478,0.017632034275356347
Standard lifecycle nurture,Low-cost save budget,291288,0.03247988245310483,123.81653666932152,889.991501100373,259243844.37252542,7428879.531666636,10.51316817957799,0.9601459723709868,0.012197550190876384
High-value reactivation,Premium save budget,13039,0.10215507324181303,173.36421504716634,1028.1505392156462,13406054.88083281,2349187.8583333525,0.0,0.990183296265051,0.0
Low-cost automated retention,Automation only,252407,0.01623172099030534,98.98491193456073,672.1551866196775,169656674.18911293,1931746.461666661,8.275000892561453,0.9997385175529997,0.009797668051995388
Suppress paid offer,No paid budget,38881,0.789100074586559,0.0,0.0,0.0,0.0,9.802417344748347,0.0208585170134513,0.0014660116766544071
