engagement_tier,customers,churn_rate,total_monthly_revenue_proxy,avg_monthly_revenue_proxy,future_churned_revenue_proxy,avg_engagement_score,avg_active_days,no_recent_activity_rate,major_activity_drop_rate
High engagement,722292,0.08795888643374147,110218326.0,152.59524679769402,20059772.0,14.079106410251645,18.670213708583233,0.0,0.0
No observed activity,216409,0.0909851253875763,24436779.0,112.91942109616514,1962735.0,0.0,0.0,1.0,0.0
Medium engagement,29982,0.12901073977719965,3459399.0,115.38252951771062,301646.0,7.598601796225779,1.509238876659329,0.0,0.0
Low engagement,2277,0.10540184453227931,263969.0,115.9284145805885,23078.0,3.677399366920795,1.031181379007466,0.0,0.0
