revenue_tier,customers,churn_rate,total_monthly_revenue_proxy,avg_monthly_revenue_proxy,future_churned_revenue_proxy,avg_engagement_score,discount_exposure_rate,auto_renew_rate
High revenue,113922,0.2403135478660838,37251862.0,326.99445234458665,18991770.0,13.474259148595918,0.011929214725865065,0.6502958164358069
Medium revenue,453346,0.041833389949398475,65508982.0,144.50106982304905,2776601.0,11.977991446995329,0.0007742430726200298,0.9213492564178354
Low revenue,359791,0.016276115856149822,35617629.0,98.99533062250029,578860.0,8.300561794911465,0.0012701818555772657,0.9999027213020892
No observed revenue,43901,0.8002551194733605,0.0,0.0,0.0,10.336077872428564,0.018746725587116465,0.018746725587116465
