lifecycle_stage,customers,churn_rate,total_monthly_revenue_proxy,avg_monthly_revenue_proxy,future_churned_revenue_proxy,avg_tenure_months,avg_engagement_score,cancellation_signal_rate
Long-tenure,493919,0.09311850728560755,78554261.0,159.04280054016954,14326917.0,64.3009764758999,12.678452527034825,0.032859638928650244
Established,284260,0.0777597973686062,37717922.0,132.68810947723915,5883362.0,13.958907338352212,11.290575769237993,0.031671708998803914
Early lifecycle,74927,0.08250697345416205,9421327.0,125.740080344869,1078618.0,2.897566965179441,12.282579034110436,0.021767854044603414
Unknown tenure,116782,0.10725968043020329,12196016.0,104.43403949238753,675651.0,36.319045514803356,0.002129666443889288,0.032008357452347105
New customer,1072,0.48973880597014924,488947.0,456.10727611940297,382683.0,-0.0009328358208955224,12.395034353389239,0.228544776119403
