registered_via,customers,churn_rate,total_monthly_revenue_proxy,avg_monthly_revenue_proxy,future_churned_revenue_proxy,avg_engagement_score,auto_renew_rate
9,235689,0.12683239353554895,42327019.0,179.58843645651686,10419138.0,13.12946689121648,0.7999567226302458
3,106459,0.17225410721498416,19066547.0,179.097558684564,5101190.0,13.484463718540473,0.6553320996815676
7,462684,0.04473247399953316,54901058.0,118.6577837141548,3281339.0,11.063952241608854,0.9841273958036154
4,52744,0.231021537994843,9428202.0,178.75401941453057,2809661.0,13.562416866075012,0.5169308357348703
,109993,0.053476130299200855,12196016.0,110.8799287227369,675651.0,0.0022611139495265953,0.9829443691871301
13,3391,0.09879091713358891,459631.0,135.54438218814508,60252.0,12.00492441843073,0.9799469183131819
