model_name,model_note,uses_direct_cancel_signals,feature_count,test_churn_rate,roc_auc,pr_auc,brier_score,log_loss,accuracy_at_0_50,precision_at_0_50,recall_at_0_50,f1_at_0_50,top_decile_lift,top_decile_churn_capture_share,top_decile_future_churned_clv_share
hist_gradient_boosting,Main nonlinear churn-risk model.,True,38,0.08993985334102332,0.980842275995798,0.9150849229312272,0.0197726269569158,0.07638173857234352,0.9755087748207959,0.8807823210776089,0.8416086478563577,0.8607500058557609,8.858098204470501,0.8858098204470503,0.9220492890143536
logistic_regression_balanced,Linear benchmark with class weighting.,True,38,0.08993985334102332,0.9543812824046909,0.8403757513868286,0.05263387698668125,0.21221723966514153,0.934613166350828,0.5905389803730935,0.8902986441920118,0.710079275198188,8.555789666544522,0.8555789666544522,0.9029836906785299
hist_gradient_boosting_no_cancel_signals,Sensitivity model excluding direct cancellation signals.,False,35,0.08993985334102332,0.9406162272448957,0.8185700142885638,0.030602057014616185,0.12232490041961633,0.9640726703468732,0.8666181980873553,0.709783803591059,0.7803993654470828,7.745511176255038,0.7745511176255039,0.8901076148735592
