lifecycle_stage,customers,future_churn_rate,avg_predicted_churn_probability,avg_lifecycle_duration_months,median_lifecycle_duration_months,avg_observed_month_coverage_rate,profit_adjusted_clv_proxy,future_churned_clv_proxy,avg_monthly_value_baseline
Long-tenure,493919,0.09311850728560755,0.09319668129154351,1.38240885651291,1.0,0.9911735486561771,599842608.690012,95944662.10334253,163.33662469622237
Established,284260,0.0777597973686062,0.07780650623845108,1.0504749173292056,1.0,0.9990501874343072,253393937.50666633,33030407.89749944,134.76475058045452
Early lifecycle,74927,0.08250697345416205,0.08208568434080027,1.0276135438493468,1.0,0.9989859018333399,58539470.50249245,5488105.252499991,127.65372518139877
New customer,1072,0.48973880597014924,0.49008123208717136,1.0,1.0,1.0,2108789.0525,1619332.3900000004,456.10727611940297
Unknown tenure,116782,0.10725968043020329,0.1070015731430881,1.0409224024250312,1.0,0.9261763680922279,60476240.46749979,1615642.0366666564,104.49694873068341
