value_risk_quadrant,lifecycle_strategy_readout,customers,future_churn_rate,avg_predicted_churn_probability,avg_lifecycle_duration_months,profit_adjusted_clv_proxy,future_churned_clv_proxy,avg_monthly_value_baseline
High risk / high value,Immediate save-worthiness review,44304,0.8116197183098591,0.805731385213989,1.9408631274828458,133456352.03334482,120377400.4116777,544.806849644877
Standard lifecycle population,Monitor lifecycle trend,535990,0.01797608164331424,0.018113304940388063,1.094988712475979,423992833.4200336,7564313.759166675,112.48674291187021
High risk / high value,Premium save timing analysis,73434,0.04783887572514094,0.04984954926254928,1.4774082849906038,91160271.82166575,4118371.6599999955,188.8437099980928
High risk / high value,Monitor lifecycle trend,62076,0.03909723564662672,0.03716891702901943,1.2882595528062375,66589924.505000025,2355362.9449999966,149.0
High risk / low value,Do not overspend,46586,0.7427982655733483,0.7390429715622521,1.2569226806336669,4907685.14166666,1796312.234166664,16.292162166029858
Medium risk / high value,Monitor lifecycle trend,186118,0.006377674378620015,0.007861209050326107,1.2823853684221838,228218297.41749483,1479541.3750000005,158.98629364166806
Low risk / high value,Protect without discount,22452,0.0002672367717797969,0.002438824050774869,1.0,26035681.880000062,6847.295,149.0
