value_risk_quadrant,customers,future_churn_rate,avg_predicted_churn_probability,avg_lifecycle_duration_months,profit_adjusted_clv_proxy,future_churned_clv_proxy,survival_at_month_3,survival_at_month_6,survival_at_month_12
High risk / high value,179814,0.2330074410223898,0.2317120623786803,1.5262993982670983,291206548.36,126851135.01666667,0.47185122884417824,0.32937856782188824,0.24884888296879096
Standard lifecycle population,535990,0.01797608164331424,0.018113304940388385,1.094988712475979,423992833.42,7564313.759166667,0.6120980441481515,0.38897265850286905,0.29223434527664455
High risk / low value,46586,0.7427982655733483,0.7390429715622459,1.2569226806336669,4907685.141666668,1796312.2341666669,0.17022157094445603,0.10751030105802002,0.07942524737065042
Medium risk / high value,186118,0.006377674378620015,0.007861209050326506,1.2823853684221838,228218297.41750002,1479541.375,0.9874481673889085,0.9874481673889085,0.9874481673889085
Low risk / high value,22452,0.0002672367717797969,0.0024388240507749385,1.0,26035681.880000003,6847.295000000001,0.9997327632282202,0.9997327632282202,0.9997327632282202
