relative_churn_reduction_tested,absolute_churn_reduction_tested,baseline_churn_rate,treatment_churn_rate_tested,planned_sample_size_per_group,approx_power_with_planned_sample,required_sample_size_per_group_80_power,mde_readout
0.01,0.0064808030909040415,0.6480803090904077,0.6415995059995037,31406,0.3962733659964198,85499,Likely underpowered at this effect size
0.02,0.012961606181808194,0.6480803090904077,0.6351187029085995,31406,0.9232497721503714,21461,Detectable with planned sample
0.03,0.019442409272712236,0.6480803090904077,0.6286378998176955,31406,0.9990688687167175,9575,Detectable with planned sample
0.05,0.03240401545452043,0.6480803090904077,0.6156762936358873,31406,0.9999999999486701,3473,Detectable with planned sample
0.075,0.04860602318178053,0.6480803090904077,0.5994742859086272,31406,1.0,1557,Detectable with planned sample
0.1,0.06480803090904075,0.6480803090904077,0.583272278181367,31406,1.0,883,Detectable with planned sample
0.15,0.09721204636356118,0.6480803090904077,0.5508682627268465,31406,1.0,398,Detectable with planned sample
0.2,0.1296160618180815,0.6480803090904077,0.5184642472723262,31406,1.0,226,Detectable with planned sample
