clv_value_tier,retention_budget_tier,customers,future_churn_rate,monthly_revenue_baseline_proxy,monthly_margin_baseline_proxy,profit_adjusted_clv_proxy,future_churned_clv_proxy,clv_leakage_rate,avg_engagement_score,auto_renew_rate,cancellation_signal_rate
Elite value,Premium save budget,194192,0.17655207217599078,51254946.666666664,33315715.333333313,327509625.0941562,120391726.80166677,0.367597522567635,12.97551951181876,0.7366626843536294,0.1097367553761226
High value,Moderate save budget,194192,0.04462078767405454,28934608.0,18807495.200009063,218514195.15250638,7549171.79250002,0.03454774087894504,12.126694288478568,0.9098727033039467,0.017292164455796327
Core value,Low-cost save budget,291288,0.03266869901952706,36066271.333333336,23443076.366680715,259778083.21835095,7475870.100833325,0.028777909237822964,10.49877326045147,0.9603725522506935,0.01252368789651479
Low value,Automation only,252407,0.016572440542457222,24984484.666666664,16239915.033334851,168947848.9291262,1978033.0591666568,0.011707950540385061,8.286129497626797,0.9997385175529997,0.009801629907252968
No observed value,No paid budget,38881,0.789100074586559,0.0,0.0,0.0,0.0,,9.802417344748344,0.0208585170134513,0.0014660116766544071
