value_based_action_group,retention_budget_tier,customers,future_churn_rate,monthly_revenue_baseline_proxy,monthly_margin_baseline_proxy,profit_adjusted_clv_proxy,future_churned_clv_proxy,clv_leakage_rate,avg_engagement_score,auto_renew_rate,cancellation_signal_rate,no_recent_activity_rate,major_activity_drop_rate
Protect high-value customer,Premium save budget,159820,0.14586409710924791,42265916.33333332,27472845.616666976,285380472.2383206,106109424.30833358,0.3718173968810376,14.322498812619536,0.6808159179076461,0.0,0.0,0.0
Premium win-back,Premium save budget,21310,0.4529798216799625,6725107.333333335,4371319.766666655,29323569.210000116,12079294.911666712,0.4119312633861553,10.82685710024668,1.0,1.0,0.20154856874706711,0.0
Targeted retention nurture,Moderate save budget,194192,0.04462078767405454,28934608.0,18807495.200009063,218514195.15250638,7549171.79250002,0.03454774087894504,12.126694288478568,0.9098727033039467,0.017292164455796327,0.14111806871549806,0.0
Standard lifecycle nurture,Low-cost save budget,291288,0.03266869901952706,36066271.333333336,23443076.366680715,259778083.218351,7475870.100833323,0.02877790923782295,10.498773260451472,0.9603725522506935,0.01252368789651479,0.23552291889813518,0.0
High-value reactivation,Premium save budget,13062,0.10105649977032613,2263923.000000002,1471549.9500001722,12805583.645834954,2203007.581666655,0.17203492184311242,0.0,0.9903536977491961,0.0,1.0,0.0
Low-cost automated retention,Automation only,252407,0.016572440542457222,24984484.666666664,16239915.033334855,168947848.92912617,1978033.0591666568,0.011707950540385063,8.286129497626797,0.9997385175529997,0.009801629907252968,0.3733414683427956,0.0
Suppress paid offer,No paid budget,38881,0.789100074586559,0.0,0.0,0.0,0.0,,9.802417344748344,0.0208585170134513,0.0014660116766544071,0.2265631028008539,0.0
