value_based_action_group,retention_budget_tier,customers,future_churn_rate,monthly_revenue_baseline_proxy,monthly_margin_baseline_proxy,profit_adjusted_clv_proxy,future_churned_clv_proxy,clv_leakage_rate,avg_engagement_score,auto_renew_rate,cancellation_signal_rate,no_recent_activity_rate,major_activity_drop_rate
Protect high-value customer,Premium save budget,159813,0.14580165568508194,42264873.33333332,27472167.666667037,285290934.413321,106082654.96833354,0.37184025909019647,14.312484629766915,0.6808019372641775,0.0,0.0,0.0
Premium win-back,Premium save budget,21340,0.4542174320524836,6729577.333333333,4374225.266666637,29694442.060833402,12394333.834999958,0.4173957473121857,10.828125279377572,1.0,1.0,0.20201499531396439,0.0
Targeted retention nurture,Moderate save budget,194192,0.045135741946115186,28934608.0,18807495.20000936,217069096.3025173,7511347.024999997,0.0346034841114916,12.126512283331355,0.9102228722089478,0.017632034275356347,0.14105627420285077,0.0
Standard lifecycle nurture,Low-cost save budget,291288,0.03247988245310483,36066271.33333333,23443076.366677802,259243844.37251294,7428879.531666644,0.028655953431210232,10.51316817957802,0.9601459723709868,0.012197550190876384,0.23503542885391776,0.0
High-value reactivation,Premium save budget,13039,0.10215507324181303,2260496.000000002,1469322.4000000465,13406054.88083281,2349187.8583333525,0.1752333463659084,0.0,0.990183296265051,0.0,1.0,0.0
Low-cost automated retention,Automation only,252407,0.01623172099030534,24984484.666666664,16239915.033332858,169656674.18911618,1931746.4616666576,0.011386209654878306,8.275000892561453,0.9997385175529997,0.009797668051995388,0.37397932703926595,0.0
Suppress paid offer,No paid budget,38881,0.789100074586559,0.0,0.0,0.0,0.0,,9.802417344748342,0.0208585170134513,0.0014660116766544071,0.2265631028008539,0.0
