retention_budget_tier,customers,future_churn_rate,monthly_revenue_baseline_proxy,monthly_margin_baseline_proxy,profit_adjusted_clv_proxy,future_churned_clv_proxy,clv_leakage_rate,avg_engagement_score,cancellation_signal_rate
Premium save budget,194192,0.17655207217599078,51254946.666666664,33315715.333333313,327509625.0941562,120391726.80166677,0.367597522567635,12.975519511818762,0.1097367553761226
Moderate save budget,194192,0.04462078767405454,28934608.0,18807495.200009063,218514195.1525064,7549171.792500021,0.03454774087894504,12.126694288478566,0.017292164455796327
Low-cost save budget,291288,0.03266869901952706,36066271.33333333,23443076.36668071,259778083.21835095,7475870.100833323,0.028777909237822957,10.498773260451472,0.01252368789651479
Automation only,252407,0.016572440542457222,24984484.666666664,16239915.033334855,168947848.92912617,1978033.0591666568,0.011707950540385063,8.286129497626797,0.009801629907252968
No paid budget,38881,0.789100074586559,0.0,0.0,0.0,0.0,,9.802417344748342,0.0014660116766544071
