retention_budget_tier,customers,future_churn_rate,monthly_revenue_baseline_proxy,monthly_margin_baseline_proxy,profit_adjusted_clv_proxy,future_churned_clv_proxy,clv_leakage_rate,avg_engagement_score,cancellation_signal_rate
Premium save budget,194192,0.17676320342753563,51254946.66666666,33315715.33333342,328391431.35498947,120826176.66166693,0.36793340241284933,12.968573883573262,0.10989124165774079
Moderate save budget,194192,0.045135741946115186,28934608.0,18807495.20000936,217069096.3025173,7511347.024999997,0.0346034841114916,12.126512283331351,0.017632034275356347
Low-cost save budget,291288,0.03247988245310483,36066271.33333333,23443076.3666778,259243844.37251294,7428879.531666645,0.028655953431210236,10.513168179578019,0.012197550190876384
Automation only,252407,0.01623172099030534,24984484.666666664,16239915.033332858,169656674.18911618,1931746.4616666574,0.011386209654878304,8.275000892561453,0.009797668051995388
No paid budget,38881,0.789100074586559,0.0,0.0,0.0,0.0,,9.802417344748344,0.0014660116766544071
