threshold_label,threshold_pct,customers,profit_adjusted_clv_proxy,future_churned_clv_proxy,clv_share,future_churned_clv_share,future_churn_rate,avg_monthly_value_baseline,avg_engagement_score
Top 1%,0.01,9710,83666076.27082884,82578429.82999557,0.08586763253263258,0.5997061690509465,0.9853759011328528,1497.740302094061,14.878502684602877
Top 5%,0.05,48548,163752156.4359093,107529006.15166242,0.168061066348433,0.7809037841216676,0.3947021504490401,542.1537378814021,14.754022828850642
Top 10%,0.1,97096,232783678.03127536,109649827.37583163,0.23890905628322695,0.79630574289234,0.21261431984839746,351.9917950619278,15.373498482320917
Top 20%,0.2,194192,360885820.1972352,112847423.70416515,0.370382027891732,0.8195275242725875,0.11875875422262504,254.24421191397977,15.198238911782514
