threshold_label,threshold_pct,customers,profit_adjusted_clv_proxy,future_churned_clv_proxy,clv_share,future_churned_clv_share,future_churn_rate,avg_monthly_value_baseline,avg_engagement_score
Top 1%,0.01,9710,83645198.77999553,82557826.0649956,0.08581197232887845,0.6008802735689747,0.9853759011328528,1497.648232063165,14.87982988559636
Top 5%,0.05,48548,163607690.87007135,107313871.57832573,0.16784583988689056,0.7810620941128534,0.3933426711708,541.924514569765,14.785966876646185
Top 10%,0.1,97096,232628980.03543612,109473709.1499947,0.23865507989527585,0.7967820307050218,0.21222295460163138,351.8978502375616,15.381642780457177
Top 20%,0.2,194192,360717012.03389627,112654523.05249493,0.3700611476412834,0.8199329349742503,0.11849097800115349,254.17422276235015,15.209714356823195
