scenario_name,recovery_rate,portfolio_future_churned_clv_proxy,recoverable_portfolio_clv_proxy,premium_budget_future_churned_clv_proxy,recoverable_premium_budget_clv_proxy,premium_plus_moderate_future_churned_clv_proxy,recoverable_premium_plus_moderate_clv_proxy
Conservative recovery,0.05,137698149.68000025,6884907.484000012,120826176.66166693,6041308.8330833465,128337523.68666698,6416876.18433335
Base recovery,0.1,137698149.68000025,13769814.968000025,120826176.66166693,12082617.666166693,128337523.68666698,12833752.3686667
Aggressive recovery,0.15,137698149.68000025,20654722.452000037,120826176.66166693,18123926.49925004,128337523.68666698,19250628.553000048
