retention_budget_tier,customers,future_churn_rate,profit_adjusted_clv_proxy,future_churned_clv_proxy,avg_engagement_score,cancellation_signal_rate,campaign_cost_per_customer,expected_recovery_rate,campaign_cost_proxy,recoverable_clv_proxy,net_recovery_opportunity_proxy,break_even_recovery_rate,roi_proxy
Premium save budget,194192,0.17655207217599078,327509625.09415615,120391726.80166677,12.975519511818762,0.1097367553761226,15.0,0.12,2912880.0,14447007.21620001,11534127.21620001,0.024195018024774046,3.9596987229820697
No paid budget,38881,0.789100074586559,0.0,0.0,9.802417344748344,0.0014660116766544071,0.0,0.0,0.0,0.0,0.0,,
Automation only,252407,0.016572440542457222,168947848.92912617,1978033.0591666568,8.286129497626797,0.009801629907252968,0.5,0.01,126203.5,19780.330591666567,-106423.16940833343,0.06380252312525525,-0.8432663864974698
Low-cost save budget,291288,0.03266869901952706,259778083.218351,7475870.100833323,10.498773260451472,0.01252368789651479,2.0,0.03,582576.0,224276.10302499967,-358299.89697500033,0.0779275177527578,-0.6150268754205466
Moderate save budget,194192,0.04462078767405454,218514195.15250638,7549171.79250002,12.126694288478568,0.017292164455796327,6.0,0.06,1165152.0,452950.3075500012,-712201.6924499988,0.15434169893412145,-0.6112521734932428
