retention_budget_tier,customers,future_churn_rate,profit_adjusted_clv_proxy,future_churned_clv_proxy,avg_engagement_score,cancellation_signal_rate,campaign_cost_per_customer,expected_recovery_rate,campaign_cost_proxy,recoverable_clv_proxy,net_recovery_opportunity_proxy,break_even_recovery_rate,roi_proxy
Premium save budget,194192,0.17676320342753563,328391431.3549894,120826176.66166691,12.968573883573262,0.10989124165774079,15.0,0.12,2912880.0,14499141.19940003,11586261.19940003,0.024108020964335744,3.977596467894328
No paid budget,38881,0.789100074586559,0.0,0.0,9.802417344748342,0.0014660116766544071,0.0,0.0,0.0,0.0,0.0,,
Automation only,252407,0.01623172099030534,169656674.18911618,1931746.4616666576,8.275000892561453,0.009797668051995388,0.5,0.01,126203.5,19317.464616666577,-106886.03538333342,0.06533129605999904,-0.8469340024906871
Low-cost save budget,291288,0.03247988245310483,259243844.37251294,7428879.531666644,10.51316817957802,0.012197550190876384,2.0,0.03,582576.0,222866.3859499993,-359709.6140500007,0.07842043978727718,-0.6174466748544407
Moderate save budget,194192,0.045135741946115186,217069096.30251727,7511347.024999997,12.126512283331351,0.017632034275356347,6.0,0.06,1165152.0,450680.8214999998,-714471.1785000002,0.15511891490594532,-0.6131999760546265
