recommended_retention_action,total_customers_in_action,paid_offer_customers_in_action,targeted_customers,avg_predicted_churn_probability,actual_future_churn_rate,profit_adjusted_clv_proxy,future_churned_clv_proxy,gross_value_at_risk_proxy,adjusted_expected_response_rate,expected_customers_saved,expected_saved_clv_proxy,campaign_cost_proxy,net_save_value_proxy,roi_proxy,break_even_response_rate,budget_cap,budget_utilization,budget_status,scenario_name
Immediate premium save offer,37303,36407,36407,0.8244883514754041,0.8293734721344797,127181564.91083336,115936860.99666665,115615837.60750234,0.14000000000000007,4202.400637703107,16186217.265050327,655326.0,15530891.265050327,23.699488903309692,0.005668133480334495,1000000.0,0.655326,Within budget and positive ROI,Base
Targeted lifecycle nurture,69077,20961,20961,0.3213448217136514,0.3263680167930919,17943036.3125,5408472.029999999,5316072.273729927,0.05000000000000001,336.7854403969924,265803.61368649633,62883.0,202920.61368649633,3.2269550385079646,0.011828845952818334,1000000.0,0.062883,Within budget and positive ROI,Base
High-value targeted retention,68228,8866,8866,0.09584559290275546,0.0927137378750282,15124580.000833333,1373807.3158333332,1508247.5338814817,0.08,67.9813621340664,120659.80271051855,66495.0,54164.80271051855,0.8145695572677426,0.04408759073444319,1000000.0,0.066495,Within budget and positive ROI,Base
Low-cost automated retention,7705,4965,4965,0.7712921382028383,0.7756294058408862,2616638.136666667,1745215.0191666668,1740392.5649121827,0.024999999999999998,95.73663665442731,43509.81412280457,3723.75,39786.06412280457,10.684407955100253,0.0021396034866351514,1000000.0,0.00372375,Within budget and positive ROI,Base
Premium win-back review,5206,238,238,0.07250293375211411,0.07563025210084033,499324.15,28933.06,33487.14719839036,0.12000000000000002,2.0706837879603794,4018.457663806843,2856.0,1162.457663806843,0.4070229915290066,0.08528645283158909,1000000.0,0.002856,Within budget and positive ROI,Base
Monitor only,722108,0,0,0.0,0.0,0.0,0.0,0.0,0.0,0.0,0.0,0.0,0.0,,,1000000.0,0.0,No targets,Base
Protect without discount,22452,0,0,0.0,0.0,0.0,0.0,0.0,0.0,0.0,0.0,0.0,0.0,,,1000000.0,0.0,No targets,Base
Suppress paid offer,38881,0,0,0.0,0.0,0.0,0.0,0.0,0.0,0.0,0.0,0.0,0.0,,,1000000.0,0.0,No targets,Base
